threads,memory,joins,mean,std_dev,mad,r1,r2,r3,r4,r5,r6,r7,r8,r9,r10
16,N/A,1,0.002280306816101074,0.00015176465938588246,6.580352783203125e-05,0.0024225711822509766,0.0026204586029052734,0.0022258758544921875,0.002177000045776367,0.0021038055419921875,0.002204418182373047,0.002190828323364258,0.0021975040435791016,0.002351999282836914,0.0023086071014404297
16,N/A,2,0.3323525428771973,0.0020854663692337354,0.0013003349304199219,0.3332033157348633,0.3357067108154297,0.33295464515686035,0.33292126655578613,0.33084774017333984,0.3295764923095703,0.332979679107666,0.33447813987731934,0.3289799690246582,0.3318774700164795
16,N/A,3,1.2624550104141234,0.02105925197037375,0.012124776840209961,1.2690975666046143,1.2751009464263916,1.2596521377563477,1.2720527648925781,1.2694344520568848,1.3063464164733887,1.2508513927459717,1.2354769706726074,1.2357335090637207,1.2508039474487305
16,N/A,5,3.2835741519927977,0.04105670949135374,0.02413308620452881,3.2963876724243164,3.244248151779175,3.300724506378174,3.2649335861206055,3.302955389022827,3.277163505554199,3.259737014770508,3.258225679397583,3.248121500015259,3.383244514465332
